brand,name,seller,reviews_rating_number,reviews_amount,old_money,new_money
ACER,Notebook Acer Aspire 5 Ryzen 7 15.6 Radeon 512gb 8gb Linux,Por Mobcom ,4.9,(391),8.999,3.099
ASUS,"Notebook Asus Vivobook Go 15 E510ka Intel Celeron Dual Core N4500 4gb Ram 128gb Emmc Windows 11 Home 15,60 Hd Rosa - Br833ws",Por Asus ,4.6,(312),2.099,1.649
SAMSUNG,"Notebook Samsung Galaxy Book4, Windows 11 Home, Intel® Core I5, 8gb, 256gb Ssd, 15.6'' Full Hd Led, 1.55 Kg - Grafite",,4.9,(1149),4.999,3.379
ACER,"Notebook Acer A515-57-5429 Intel Core i5-12450H 16GB RAM 512GB SSD Tela de 15,6'' Linux Gutta",Por Mercado Livre ,4.8,(983),4.285,2.937
SAMSUNG,"Notebook Samsung Book 4 I3 1315u 8gb 512gb Ssd 15,6' W11 Pro Cor Grafite",Por Eshop ,4.9,(3555),4.030,2.931
SAMSUNG,"Samsung Chromebook 4 Intel Celeron N4020 4GB 64GB Tela 11.6"" Prata XE310XBA-KT4BR",Por 123 Comprou ,4.6,(173),2.331,1.399
ACER,Notebook Gamer Acer Nitro V Intel Core i7 13ª Geração 16GB 512GB RTX4050 Linux Gutta 15.6' FHD ANV15-51-7037,Por Acer Brasil ,4.8,(1344),7.299,6.399
ACER,Notebook Acer Aspire 5 A515-45-r0xr Ryzen7 8gb 256gb Ssd 15.6 Full Hd Linux Gutta,Por Vikings ,4.8,(437),4.831,2.727
,"Notebook Positivo Vision C15 Lumina Bar Celeron, 8GB 128GB eMMC, Tela 15.6"" HD Antirreflexo, Windows 11, Tecla Link, Cinza",Por Positivo ,4.6,(722),3.331,1.709
ACER,Notebook Acer Aspire 5 A15-51M-54E6 / Intel Core™ i5-13420H de 13ª Geração / 8GB / 512SSD / Windows 11 Home / 15.6” Full HD,Por Acer Brasil ,4.9,(160),3.599,3.099
LENOVO,"Notebook Lenovo Ideapad 1i Intel Core i5 - 1235U, 8GB RAM, 512GB SSD, Windows 11 Home, Tela 15,6'' HD - 82VY000QBR",Por NegociuN ,4.8,(3737),3.854,2.952
SAMSUNG,"Notebook Samsung Galaxy Book4 Intel® U300 (1.20 Ghz, até 4.4GHz, 8 MB L3 Cache), Windows 11 Home, 8GB, 256GB SSD, UHD Graphics, 15.6'' Full HD LED, 1.55kg",Por Vikings ,4.8,(5338),3.855,2.799
,"Notebook VAIO FE15 Intel Core i5 12th 16GB 512GB SSD Tela 15,6'' Full HD Antirreflexo Windows 11 Home Cinza Grafite B2621H",Por INPOWER ,4.8,(339),5.639,3.699
LENOVO,"Notebook Lenovo Ideapad 1 Intel Core i3 1215U 8GB RAM 256GB SSD Windows 11 Home Tela 15,6"" 82VY000SBR",Por NegociuN ,4.8,(4660),3.057,2.519
LENOVO,Notebook Lenovo Ideapad 1i Celeron Office 365 4gb 128gb W11,Por 123 Comprou ,4.8,(103),3.665,1.979
ACER,"Notebook Acer Aspire 5 Intel Core I5 - 12450H 8GB RAM 256GB SSD Windows 11 Home Tela 15,6"" Full HD A515-57-55B8",Por Mercado Livre ,4.8,(6430),4.117,3.038
ACER,"Notebook Acer Aspire 3 Intel Core I3 - N305, 8G RAM, 256GB SSD, Windows 11 Home, Tela 15,6"" Full HD - A315-510P-34XC 110V/220V",Por Mercado Livre ,4.8,(7811),3.682,2.649
SAMSUNG,"Notebook Samsung Galaxy Book4 Intel® Core™ i5-1335U (1.3 Ghz, até 4.6GHz, 12 MB L3 Cache), Windows 11 Home, 8GB, 512GB SSD, Iris Xe, 15.6'' Full HD LED, 1.55kg",Por Vikings ,4.8,(972),5.831,3.514
DELL,Notebook Dell Inspiron I15-i120k-a35p I5 16gb 1tb 15.6 W11,Por Dell ,4.8,(1390),4.399,4.108
,"Notebook Positivo Duo 2 em 1 Intel Celeron C4128B-3 4GB 128GB 11,6"" IPS HD Windows 11",Por Positivo ,4.5,(4137),1.649,1.514
LENOVO,Notebook Lenovo LOQ-e 15iax9e Intel Core i5-12450hx 16gb 512gb Ssd Rtx 3050 Windows 11 15.6 - 83me0007br Luna Grey,Por Mobcom ,5.0,(8),9.510,4.699
ASUS,"Notebook ASUS Vivobook Go 15 E1504 AMD RYZEN 5 7520U 8GB Ram 256GB SSD Linux KeepOS 15,6” FHD Black E1504FA-NJ731",Por Mercado Livre ,4.8,(523),2.615,261
,Notebook Positivo Vision C15 Lumina Bar Celeron 4gb 128gb Emmc Tela 15 Hd Antirreflexo Windows 11 Tecla Link Cinza,Por Positivo ,4.6,(2821),1.999,1.553
DELL,Notebook Dell Inspiron I15-i120k-a15p I3 8gb 512gb 15.6 W11,Por Dell ,4.8,(581),3.299,2.997
ASUS,"Notebook ASUS VivoBook Go 15 AMD Ryzen 5 7520U 8GB 512GB SSD KeepOS Tela 15,6"" FHD Mixed Black - E1504FA-NJ732",Por Asus ,4.8,(857),3.099,2.618
ACER,Notebook Acer Gamer Nitro V15 Intel Core I7 13ª Ger. 16gb 512ssd Rtx3050 Com 6gb Gddr6 Nvidia Geforce Linux Gutta ANV15-51-73E9,Por Vikings ,4.8,(115),9.998,6.099
ACER,Notebook Acer Predator Gamer Phn16-71-72w6 I7-13650hx 16gb 512gb Ssd Rtx 4060 Windows 11 Home Tela 16 Wuxga,Por Acer Brasil ,4.9,(556),10.999,8.599
ACER,Notebook Acer Aspire 5 A515-45-R36L Ryzen 7 15.6 Radeon 512gb 12gb Linux,,4.8,(662),4.356,3.299
ASUS,"Notebook ASUS Vivobook 15 Core I5 1235U 3.3 GHz 8GB Ram 256GB SSD W11 Home Tela 15,6” NanoEdge Full HD Cool Silver X1504ZA-NJ985W",Por Mercado Livre ,4.8,(183),3.199,2.941
ACER,"Notebook Gamer Acer Nitro V ANV15-51-57WS Intel® Core™ i5-13420H 13ªGeração 512SSD 8GB Nvidia® GeForce® RTX 3050 GDDR6 Linux Gutta 15,6'",Por 123 Comprou ,4.8,(2698),8.165,4.499
ACER,Notebook Acer Gamer Nitro V15 Intel Core i7 13ª Ger. 32GB 512SSD RTX3050 com 6GB GDDR6 Nvidia GeForce Linux Gutta ANV15-51-73BP,,4.9,(105),6.224,622
,Notebook Positivo Vision C14 Lumina BAR Celeron 4GB 128GB eMMC Tela 14 Polegadas HD Antirreflexo Windows 11 Tecla Link – Cinza,Por Positivo ,4.6,(3722),1.799,1.408
ASUS,"Notebook ASUS Vivobook 15 X1504ZA Intel Core i5 1235U 8GB Ram 512GB SSD Windows 11 Tela 15,6"" FHD Blue - NJ987W",Por Asus ,4.9,(384),3.699,3.107
HP,Notebook Hp 256r G9 Intel Core I3-1315u 15.6 Hd Intel Uhd Graphics 256gb Ssd 8gb Ram Windows 11 Home 64 Sl - AN1A2LA#AK4,Por HP ,5.0,(32),3.137,2.659
ACER,"Notebook Acer Aspire 15 73wh Intel Ci7 13620H 13ªGen GB RAM 512GB SSD Fhd 15.6"" 64-Bits (Debian)",Por Acer Brasil ,4.6,(46),4.299,3.599
DELL,Notebook Dell Inspiron I15-i120k-a10p 15.6 I3 8gb 256gb W11,Por Dell ,4.8,(1021),3.149,2.991
ASUS,"Notebook Asus Vivobook Go 15 E1504fa Amd Ryzen 5 7520u 16gb Ram 512gb Ssd Linux Keepos Tela 15,6 Led Fhd Black - Nj1288",Por Asus ,4.7,(80),3.599,2.915
ACER,Notebook Acer Nitro V15 ANV15-51-58AZ Core I5-13420h 8gb 512gb Rtx 3050 Cor Preto,,4.8,(759),6.389,5.499
,Notebook Positivo Vision C14 Lumina Bar Celeron 8gb 256gb Emmc Tela 14 Polegadas Hd Antirreflexo Linux Tecla Link - Cinza,Por Positivo ,4.5,(253),2.099,1.469
ACER,"Notebook Gamer Acer Nitro V Intel Core I5 - 13420H, 8GB Ram, 512GB SSD, NVIDIA RTX4050, Windows 11 Home, Tela 15,6"" Full HD - ANV15-51-54DL",Por Acer Brasil ,4.8,(1001),7.299,5.449
ASUS,"Notebook Asus vivobook 15 x1504za intel core i5 1235u 8gb ram 512gb ssd linux keepos tela 15,6 fhd blue nj983",Por Asus ,4.8,(184),3.399,2.663
ASUS,Notebook Asus Vivobook 16 Intel Core I7 1355U 16GB RAM 1TB SSD Windows 11 Home Tela 16 Fhd Cool Silver – X1605VA-MB764W,Por Mercado Livre ,4.8,(101),5.199,519
LENOVO,"Notebook Lenovo IdeaPad 1 15IAU7 Intel Core i7-1255U HD 15.6"" Intel Iris Xe 512GB SSD 12GB RAM Windows 11- 82VY000PBR",Por Mobcom ,4.7,(211),5.244,3.979
,"Notebook VAIO FE15 Intel Core i5 11th, 16GB 512GB SSD, Tela 15,6'' Full HD Antirreflexo, Linux - Cinza Grafite, VJFE55F11XB0611H",,4.5,(126),3.663,3.349
,"Notebook Positivo Vision i15 Lumina Bar i3-N300, 8GB 512GB SSD, Tela 15 polegadas Full HD Antirreflexo Linux - Cinza",Por Positivo ,4.6,(287),3.998,2.339
LENOVO,"Notebook Lenovo Ideapad 1 Celeron 4gb 128gb Ssd 15,6 W11 Cor Cinza",,4.6,(2907),2.130,213
HP,Notebook Hp 256r G9 Intel Core I5-1335u 15.6 Hd Intel Uhd Graphics 256gb Ssd 8gb Ram Windows 11 Home 64 Sl- Ay6z4la#ak4,Por HP ,4.8,(69),3.803,3.134
,"Notebook Ultra, Linux, 15,6 Pol. HD, Intel Celeron, 240GB SSD/ 8GB RAM, Cinza Escovado - UB262",Por Loja Multi ,4.5,(58),1.699,1.510
LENOVO,Notebook Lenovo Ideapad 1i Celeron Office 365 4gb 128gb W11,Por 123 Comprou ,4.8,(103),3.665,1.979
ACER,"Notebook Gamer Acer Nitro V ANV15-51-57WS Intel® Core™ i5-13420H 13ªGeração 512SSD 8GB Nvidia® GeForce® RTX 3050 GDDR6 Linux Gutta 15,6'",Por 123 Comprou ,4.8,(2698),8.165,4.499
ACER,"Notebook Gamer Acer Nitro V15 I7-13620h 13ªGen 8gb 512gb Rtx3050 6gb Linux 15.6"" FHD Preto - Anv15-51-7837",Por INPOWER ,3.5,(6),7.599,5.399
ACER,"Notebook Acer Aspire 15 73wh Intel Ci7 13620H 13ªGen GB RAM 512GB SSD Fhd 15.6"" 64-Bits (Debian)",Por Acer Brasil ,4.6,(46),4.299,3.599
ASUS,"Notebook ASUS Vivobook 15 M1502YA AMD Ryzen 7 7730U 8GB Ram 512GB SSD Linux KeepOS 15,6"" FHD Cool Silver - NJ494",Por Mercado Livre ,5.0,(4),3.599,3.131
ASUS,"Notebook Asus Vivobook Go 15 E1504fa Amd Ryzen 5 7520u 16gb Ram 512gb Ssd Linux Keepos Tela 15,6 Led Fhd Black - Nj1288",Por Asus ,4.7,(80),3.599,2.915
ACER,Notebook Acer Nitro V15 ANV15-51-58AZ Core I5-13420h 8gb 512gb Rtx 3050 Cor Preto,,4.8,(759),6.389,5.499
,Notebook Positivo Vision C14 Lumina Bar Celeron 8gb 256gb Emmc Tela 14 Polegadas Hd Antirreflexo Linux Tecla Link - Cinza,Por Positivo ,4.5,(253),2.099,1.469
ASUS,"Notebook Asus X515 Intel Celeron Dual Core N4500 4gb Ram 128gb Ssd Windows 11 Home Tela 15,6 Led Hd Slate Grey - Br309ws",,4.7,(147),2.233,2.059
,Notebook Multi Ultra Celeron N4020c 4gb 128gb W11 14'' Cinza,Por 123 Comprou ,4.6,(164),2.531,1.259
SAMSUNG,"Notebook Samsung Galaxy Book4, Windows 11 Home, Intel® Core I5, 8gb, 256gb Ssd, 15.6'' Full Hd Led, 1.55 Kg - Grafite",,4.9,(1149),4.999,3.379
SAMSUNG,"Samsung Chromebook 4 Intel Celeron N4020 4GB 64GB Tela 11.6"" Prata XE310XBA-KT4BR",Por 123 Comprou ,4.6,(173),2.331,1.399
ACER,"Notebook Gamer Acer Nitro V Intel Core I5 - 13420H, 8GB Ram, 512GB SSD, NVIDIA RTX4050, Windows 11 Home, Tela 15,6"" Full HD - ANV15-51-54DL",Por Acer Brasil ,4.8,(1001),7.299,5.449
ASUS,"Notebook Asus vivobook 15 x1504za intel core i5 1235u 8gb ram 512gb ssd linux keepos tela 15,6 fhd blue nj983",Por Asus ,4.8,(184),3.399,2.663
,"Notebook VAIO FE15 Intel Core i5 11th, 16GB 512GB SSD, Tela 15,6'' Full HD Antirreflexo, Linux - Cinza Grafite, VJFE55F11XB0611H",,4.5,(126),3.663,3.349
,"Notebook Positivo Vision i15 Lumina Bar i3-N300, 8GB 512GB SSD, Tela 15 polegadas Full HD Antirreflexo Linux - Cinza",Por Positivo ,4.6,(287),3.998,2.339
ACER,Notebook Acer Aspire 15 73wh Intel Ci7 16gb 512ssd Fhd 15.6,Por Acer Brasil ,4.7,(13),4.299,3.799
LENOVO,"Notebook Lenovo Ideapad 1i Intel I5-1235u 8gb 512gb 15,6 W11",Por 2Eletro ,5.0,(8),3.999,3.199
,"Notebook Positivo Vision C15 Lumina Bar Celeron, 8GB 128GB eMMC, Tela 15.6"" HD Antirreflexo, Windows 11, Tecla Link, Cinza",Por Positivo ,4.6,(722),3.331,1.709
ASUS,"Notebook Asus Vivobook Go 15 E1504ga Intel Core I3 N305 4gb Ram 128gb Ssd Windows 11 Tela 15,6 Fhd Silver - Nj440w",Por Webfones ,4.8,(277),2.999,2.209
LENOVO,"Notebook Lenovo Ideapad 1 Celeron 4gb 128gb Ssd 15,6 W11 Cor Cinza",Por 123 Comprou ,4.6,(2908),3.665,2.159
LENOVO,"Notebook Lenovo Ideapad 1 Celeron 4gb 128gb Ssd 15,6 W11 Cor Cinza",,4.6,(2908),2.130,213
HP,Notebook Hp 256r G9 Intel Core I5-1335u 15.6 Hd Intel Uhd Graphics 256gb Ssd 8gb Ram Windows 11 Home 64 Sl- Ay6z4la#ak4,Por HP ,4.8,(69),3.803,3.134
,"Notebook Ultra, Linux, 15,6 Pol. HD, Intel Celeron, 240GB SSD/ 8GB RAM, Cinza Escovado - UB262",Por Loja Multi ,4.5,(58),1.699,1.510
DELL,Notebook Dell 15.6 Fhd I5 8gb 512gb Ssd Rtx 3050,Por Dell ,4.5,(22),5.999,5.699
ASUS,"Notebook Gamer ASUS TUF Gaming A15 AMD Ryzen 7 7435HS 3,1 GHz RTX3050 16GB RAM 512GB SSD Windows 11 Home Tela 15,6 144Hz IPS FHD Graphite Black - FA506NCR-HN088W",Por Mercado Livre ,5.0,(11),6.499,5.899
,"Notebook Positivo Vision R15 Lumina Bar, Amd Ryzen 7 8gb 256gb, Tela 15 Full Hd Antirreflexo, Linux - Preto",Por Positivo ,4.7,(75),3.699,2.849
SAMSUNG,"Samsung Galaxy Chromebook Go Intel Celeron N4500, 4gb, 32gb Cor Cinza",Por NegociuN ,4.8,(20),1.861,1.329
ACER,"Notebook Acer A515-57-55b8 Aspire 5 I5-12450h 8gb 256gb 15,6",,5.0,(4),3.999,399
,"Notebook Positivo Vision I15 Lumina Bar, Core I3, 11th, 8gb 512gb Ssd, Tela 15 Polegadas, Full Hd Antirreflexo, Windows 11 - Cinza",Por Positivo ,4.8,(12),4.598,2.474
ASUS,"Notebook Asus Vivobook 15 X1504za Intel Core I5 1235u 16gb Ram 512gb Ssd Linux Keepos Tela 15,60 Fhd Quiet Blue - Nj931",Por Asus ,4.8,(212),3.799,3.185
LENOVO,Notebook Lenovo Thinkpad T470 I5 7th Ger 8g Ddr4 240gb Ssd,Por Tech Forte ,,,1.899,1.576
,"Notebook Positivo Vision I15 Lumina Bar I3-n300, 8gb 256gb Ssd, Tela 15 Polegadas Full Hd Antirreflexo Linux - Preto",Por 123 Comprou ,5.0,(2),4.499,2.069
,"Notebook Positivo Vision R15 Lumina Bar, Amd Ryzen 7 32gb 512gb, Tela 15 Polegadas Full Hd Antirreflexo, Linux - Preto",Por Positivo ,4.7,(15),4.299,3.299
LENOVO,"Notebook Lenovo Ideapad 1i Intel Core I3 - 1215U, 4GB RAM, 256GB SSD, Windows 11 Home, Tela 15.6'' - 82VY000TBR Cor cinza",Por NegociuN ,4.8,(1229),3.064,2.390
,"Notebook Chromebook Clamshell, 14, 32gb/4gb - Pc918a Cor Preto",Por Loja Multi ,4.7,(14),1.399,140
ASUS,Notebook Asus Vivobook 16 X1605va Intel Core I7 1355u 8gb Ram 512gb Ssd Linux Keepos Tela 16 Ips Fhd Silver - Mb742,Por Asus ,4.9,(19),4.199,3.174
ACER,Notebook Acer Asp3 A315-510p-34xc I3 8gb 256gb Ssd 15.6 W11,Por Mercado Livre ,4.8,(103),3.682,2.649
ASUS,Notebook Asus Tuf Gaming Rtx3050 Core I5 16gb 512ssd W11,Por Fast Shop ,4.9,(163),6.463,621
LENOVO,"Notebook Lenovo Ideapad 1i Intel Core i3 1215U 4GB 256GB Linux 15,6"" HD 82VYS00600",,4.8,(4660),3.500,3.010
HP,"Notebook Hp 250 G9 Core I5-1235u 8gb Ddr4 256gb Ssd 15.6"" Windows 11 Pro Cor Cinza",,4.9,(21),3.889,388
LENOVO,Notebook Lenovo Ideapad 1 Ryzen 5 - 7520u 8gb 512gb Ssd Linux 15.6 82X5S00500,,4.8,(527),3.397,339
ASUS,"Notebook Asus Vivobook Go 15 E1504ga Intel Core I3 N305 4gb Ram 128gb Ssd Windows 11 Tela 15,6 Fhd Silver - Nj440w",Por Webfones ,4.8,(277),2.999,2.209
SAMSUNG,"Notebook Samsung Galaxy Book4, Windows 11 Home, Intel® Core 5, 16gb, 512gb Ssd, Nvidia® Geforce® Mx570, 15.6'' Full Hd Led, Fingerprint - Grafite",Por Samsung ,4.8,(209),4.899,4.464
ASUS,"Notebook ASUS Vivobook Go 15 E1504FA-NJ836W AMD Ryzen 5 7520U 2,8 GHz 8GB 512GB SSD Windows 11 Home 15,6"" Full Hd Preto",,4.8,(347),2.771,266
,Notebook Vaio Fe 16 Amd Ryzen 7 - 5700u Linux 32gb 512gb Ssd Tela 16 Ips Wuxga Antirreflexo - Cinza Grafite - Vjfe69f11xb0911h,Por Vaio ,5.0,(7),4.759,3.949
SAMSUNG,"Notebook Samsung Book4 I3 1315u 8gb 512gb 15,6 W11p Np754xgj",Por 2Eletro ,4.8,(4),3.800,2.771
LENOVO,"Notebook Gamer Lenovo Loq 15irh8 Intel Core i5 12450H 16gb RAM 512GB SSD RTX 2050 Windows 11 Home Tela 15,6"" Full HD 83EU0001BR",Por Miranda ,4.9,(2045),5.158,495
,"Notebook Positivo Vision R15 Lumina Bar, Amd Ryzen 5 16gb 512gb, Tela 15 Polegadas Full Hd Antirreflexo, Windows 11 Home Tecla Copilot - Preto",Por Positivo ,4.6,(13),4.099,2.992
,"Notebook VAIO FE15, Intel® Core i5 11th, 8GB 512GB SSD, Tela 15,6'' Full HD Antirreflexo, Linux - Cinza Grafite, VJFE55F11XB0221H",,5.0,(2),3.509,3.199
ACER,Notebook Gamer Nitro V15 Anv15-51-57ws I5 Lx 8gb 512gb Ssd,Por Acer Brasil ,4.8,(318),5.299,4.899
ASUS,Notebook Asus Core I5 1235u 8gb Ssd 256gb 15.6 Windows 11,Por 2Eletro ,5.0,(1),4.000,2.999
LENOVO,Notebook Ideapad 1i Intel Core i5 12gb 512gb Linux 82vys00900 Cloud Grey,,4.8,(4660),3.597,345
DELL,"Notebook Latitude 5490 14"" preto 8GB de Ram - 256GB SSD - Intel Core i5",,4.2,(71),2.999,299
LENOVO,Notebook Lenovo T480 Core I5-8ªth 16gb Ssd 240gb Tela Hd Cor Black - Excelente (Recondicionado),,5.0,(17),1.899,1.728
ACER,"Notebook Acer Aspire 3 Intel Core i3– N305 FHD 15.6"" LED TN UHD para processadores Inte 256GB SDD 8GB RAM Debian 64 bits Prata - A315-510P-320B",Por Mobcom ,4.8,(208),4.522,2.499
ASUS,"Notebook Asus Vivobook Go 15 E1504fa Amd Ryzen 5 7520u 8gb Ram 1tb Ssd Linux Keepos Tela 15,6 Fhd Black - Nj1289",Por Asus ,4.8,(46),3.299,2.899
ASUS,"Notebook Asus Vivobook Go 15 E1504ga Intel Core I3 N305 4gb Ram 128gb Ssd Windows 11 Tela 15,6 Fhd Silver - Nj440w",Por Webfones ,4.8,(277),2.999,2.209
LENOVO,Notebook Lenovo Ideapad 1i Celeron Office 365 4gb 128gb W11,Por 123 Comprou ,4.8,(103),3.665,1.979
SAMSUNG,"Samsung Chromebook 4 Intel Celeron N4020 4GB 64GB Tela 11.6"" Prata XE310XBA-KT4BR",Por 123 Comprou ,4.6,(173),2.331,1.399
ASUS,"Notebook Asus Vivobook Go 15 E1504fa Amd Ryzen 5 7520u 8gb Ram 1tb Ssd Linux Keepos Tela 15,6 Fhd Black - Nj1289",Por Asus ,4.8,(46),3.299,2.899
ACER,Notebook Acer Predator 74vx Ci7 14ªg 16gb 512gb Rtx4070 W11,Por Acer Brasil ,4.8,(19),12.999,10.599
SAMSUNG,"Notebook Samsung Book 4 I3 1315u 8gb 512gb Ssd 15,6' W11 Pro",Por Eshop ,5.0,(3),3.999,2.970
LENOVO,Notebook Lenovo Ideapad 1 Ryzen 3 7320U 4gb 256gb SSD Linux 15.6 HD 82x5s00600,Por Gigantec ,4.7,(210),2.330,224
HP,Notebook Hp Probook 440 G9 Intel Core I3-1215u 14 Intel Uhd 256gb 8gb Ram Windows 11 Pro- 839y2la#ak4,Por HP ,4.8,(8),3.099,297
,"MacBook Air M2 (2022) 13.6"" midnight 8GB de Ram - 256GB SSD - Apple M",,4.9,(496),7.019,701
ACER,"Notebook Gamer Acer Nitro V ANV15-51-57WS Intel® Core™ i5-13420H 13ªGeração 512SSD 8GB Nvidia® GeForce® RTX 3050 GDDR6 Linux Gutta 15,6'",Por 123 Comprou ,4.8,(2698),8.165,4.499
SAMSUNG,"Notebook Samsung Galaxy Book4, Windows 11 Home, Intel® Core I5, 8gb, 256gb Ssd, 15.6'' Full Hd Led, 1.55 Kg - Grafite",,4.9,(1149),4.999,3.379
,Notebook Multi Ultra Celeron N4020c 4gb 128gb W11 14'' Cinza,Por 123 Comprou ,4.6,(164),2.531,1.259
ACER,"Notebook Aspire 5 A515-57-58w1 I5 Linux 8gb 256gb 15,6' Fhd",Por Acer Brasil ,4.8,(43),2.999,299
ASUS,"Notebook ASUS Vivobook Go 15 E510KA Intel Celeron Dual Core N4500 4GB Ram 128GB EMMC Windows 11 Home 15,60"" HD Black - BR808WS",Por Asus ,4.3,(22),2.099,1.679
,Kit Escova Limpeza Notebook Celular Teclado Fone Pc 7 Em 1,,4.6,(105),32,3
LENOVO,Notebook Lenovo Thinkpad T480 14  I5 8ª 8gb Ssd 256gb,Por Micro Livre ,4.8,(78),1.719,171
ASUS,"Notebook Gamer ASUS TUF Gaming A15 AMD Ryzen 7 7435HS 3,1 GHz GeForce RTX™2050 8GB RAM 512GB SSD Linux KeepOs Tela 15,6 144Hz IPS FHD Graphite Black - FA506NFR-HN069",Por Mercado Livre ,4.8,(9),4.999,4.673
ASUS,"Notebook Asus Vivobook Go 15 E1504fa Amd Ryzen 5 7520u 4gb Ram 256gb Ssd Linux Keepos Tela 15,6 Fhd Black - Nj1287",Por Asus ,4.5,(43),2.599,2.027
,"Notebook Positivo Vision C15 Lumina Bar Celeron, 8GB 128GB eMMC, Tela 15.6"" HD Antirreflexo, Windows 11, Tecla Link, Cinza",Por Positivo ,4.6,(722),3.331,1.709
ACER,"Notebook Gamer Acer Nitro V15 I7-13620h 13ªGen 8gb 512gb Rtx3050 6gb Linux 15.6"" FHD Preto - Anv15-51-7837",Por INPOWER ,3.5,(6),7.599,5.399
LENOVO,"Notebook Lenovo Ideapad 1 Celeron 4gb 128gb Ssd 15,6 W11 Cor Cinza",Por 123 Comprou ,4.6,(2908),3.665,2.159
SAMSUNG,"Notebook Samsung Galaxy Book4 Intel® Core™ i5-1335U (1.3 Ghz, até 4.6GHz, 12 MB L3 Cache), Windows 11 Home, 16GB, 512GB SSD, Iris Xe, 15.6'' Full HD LED, 1.55kg",Por Samsung ,4.9,(1687),4.249,3.875
ASUS,"Notebook Asus Vivobook 15 X1504za Intel Core I5 1235u 8gb Ram 512gb Ssd Windows 11 Tela 15,6 Fhd Silver - Nj986w",Por Asus ,4.9,(178),3.699,3.033
,Notebook Multi Ultra Celeron N4020c 4gb 128gb W11 14'' Cinza,Por 123 Comprou ,4.6,(164),2.531,1.259
HP,Notebook Hp 256r G9 Intel Core I5-1335u 15.6 Hd Intel® Iris Xe Graphics 256gb Ssd 16gb Ram Windows 11 Home Pls Sl- Ay6z5la#ak4,Por HP ,4.9,(62),3.803,3.324
,"Notebook Multi Ultra Celeron N4020c 4gb 128gb W11 15,6'' Cinza - Ub261",Por Gigantec ,4.6,(391),1.621,1.448
ASUS,Notebook Gamer Asus Vivobook 16x K3605ZF RTX 2050 Intel Core I5 12500H 8Gb Ram 512Gb SSSD Linux KeepOs Tela Nivel IPS FHD 120Hz 16'' Indie Black - N1421,,4.7,(71),4.799,4.319
,Tapete Grande Office Mouse Pad Preto Caramelo impermeável Dupla Face Geonav,,4.8,(221),49,
ASUS,"Notebook Asus Vivobook 15 X1504za Intel Core I5 1235u 8gb Ram 256gb Ssd Linux Keepos Tela 15,6 Fhd Blue - Nj982",Por Asus ,4.7,(167),3.099,2.758
LENOVO,Notebook Lenovo Ultrafino Ideapad 3i I3-1215u 8gb 256gb Ssd ,Por Login ,,,3.199,2.849
ACER,Notebook Gam Nitro V Anv15-51-54dl I5 8gb 512gb Ssd Rtx4050,Por Acer Brasil ,4.8,(316),7.299,5.699
,"MacBook Air M1 2020 13"" cinza-espacial 8GB de Ram - 256GB SSD - Apple Chip - Distribuidor Autorizado",Por Apple ,4.9,(259),12.999,7.599
ASUS,"Notebook Asus Vivobook 15 M1502ya Amd Ryzen 7 7730u 16gb Ram 512gb Ssd Linux Keepos 15,6 Fhd Cool Silver - Nj495",Por Asus ,5.0,(4),3.799,379
,Notebook Vaio Fe 16 Amd Ryzen 5 - 5625u Linux 12gb 512gb Ssd Tela 16 Ips Wuxga Antirreflexo - Cinza Grafite - Vjfe69f11x-b1211h,Por Eshop ,,,3.899,3.390
ACER,Notebook Acer Aspire 54e6 Ci5 13ªg 8gb 512ssd W11 Home 15.6,Por Acer Brasil ,5.0,(7),3.599,3.299
LENOVO,"Ultrabook Lenovo ThinkPad L14 preto 14"", AMD AMD Ryzen 5 PRO 4650U 4650U 8 GB de RAM 256 GB SSD, AMD Radeon Graphics 60 Hz 1366x768px Windows 10 Pro",Por Itotal ,5.0,(5),4.223,3.378
DELL,Notebook Gamer Dell G15-i1300-a50p I7 16gb 512gb 15.6'' W11,,4.8,(185),7.500,750
ASUS,"Notebook ASUS Vivobook Go E1504FA AMD Ryzen 5 7520U 8GB Ram 256GB SSD Windows 11 Tela 15,6"" FHD Black - NJ825W",Por Asus ,4.9,(82),2.772,266
ACER,Notebook Acer Aspire 3 Ci3 15.6  Uhd 256gb 8gb Debian 64bits,Por Mobcom ,5.0,(1),3.099,2.549
,Notebook Positivo Master N1250 Pentium N5030 4gb 128gb W11 Cor Cinza,,4.6,(575),2.198,219
DELL,Notebook Dell Latitude 5490 Core I5 8th 16gb Ram 256gb Ssdm,,4.2,(71),2.999,299
,Hub Usb-c 3.2 Multi Dispositivos 4 Portas Aluminio Geonav,,4.3,(12),199,33
LENOVO,"Notebook ThinkPad E14 14"" black 16GB de Ram 256GB SSD Intel Core i5 - Excelente (Recondicionado)",Por Micro Livre ,,,2.977,297
,Notebook Vaio Fe 16 Amd Ryzen 7 - 5825u Linux 8gb 512gb Ssd Tela 16 Ips Wuxga Antirreflexo - Cinza Grafite - Vjfe69f11xb0321h,Por Vaio ,,,4.299,3.499
ASUS,"Notebook ASUS Vivobook Go E1504GA Intel Core i3 N305 8GB Ram 512GB SSD Windows 11 Tela 15,6"" FHD Silver - NJ435W",Por Fast Shop ,4.9,(555),3.130,313
DELL,Notebook Dell Inspiron I15i120km15p 8GB 512GB 15 6 Full Hd 12 Cor Preto,,5.0,(1),3.590,359
ASUS,Notebook Asus Vivobook 16 X1605va Intel Core I7 1355u 16gb Ram 512gb Ssd Windows 11 Home Tela 16 Ips Fhd Silver - Mb763w,Por Asus ,4.9,(11),5.699,5.089
DELL,Notebook Dell Latitude 5480 Core Intel I7 16gb Ram Ssd 256gb,,5.0,(8),1.999,200
,Tapete Office Mouse Pad Dupla Face Tecido sintético impermeável e antiderrapante Toque macio Geonav Preto E Cinza,,4.8,(27),67,33
HP,Notebook Hp 256r G9 Ci3 15.6  Uhd Graphics 256gb Ssd 8gb W11,Por HP ,5.0,(7),3.299,2.799
ACER,Chromebook Acer Co731c6nn Intel Celeron 4gb Emmc32gb Chros,,4.5,(2),1.789,1.429
,"Notebook Ultra, Com Windows 11 Pro, Tela 14 Pol Ul154i5wpro Cor Preto",Por Loja Multi ,4.5,(2),2.399,239
DELL,Notebook Core I5 Dell Latitude 16gb Ram 256gb Ssd M2,,4.3,(118),2.499,240
ASUS,Notebook Asus Vivobook Intel Core I5 1235u 16gb 512ssd W11,Por Asus ,,,4.499,4.019
,"Bloco Rhodia Edição 90 Anos & Paper People 8,3x11,8cm 80 Fls",,,,29,2
DELL,"Notebook gamer G15 I1300 15.6"" preto 32GB de Ram - 1.024TB SSD - Intel Core i5",,5.0,(6),8.290,829
,"Bloco Rhodia Edição 90 Anos & Paper People 14,6x20,8cm 80fls",,,,54,5
ASUS,"Notebook Asus Vivobook Go 15 E1504ga Intel Core I3 N305 4gb Ram 128gb Ssd Windows 11 Tela 15,6 Fhd Silver - Nj440w",Por Webfones ,4.8,(277),2.999,2.209
,Notebook Multi Ultra Celeron N4020c 4gb 128gb W11 14'' Cinza,Por 123 Comprou ,4.6,(164),2.531,1.259
,"Notebook Positivo Vision I15 Lumina Bar, Core I3, 11th, 8gb 512gb Ssd, Tela 15 Polegadas, Full Hd Antirreflexo, Windows 11 - Cinza",Por Positivo ,4.8,(12),4.598,2.474
DELL,Notebook Dell Latitude 5420 I5 11a Cinza 16gb De Ram 256ssd,,,,3.190,2.552
,"Bloco Rhodia Edição 90 Anos & Paper People 14,6x20,8cm 80fls",,,,54,5
ASUS,"Notebook ASUS Vivobook 15 M1502YA AMD Ryzen 7 7730U 16GB Ram 1TB SSD Linux KeepOS 15,6"" FHD Cool Silver NJ493",Por Asus ,5.0,(1),4.899,4.329
,"Notebook 15,6'' Fhd Ips Intel N95 8gb Ddr4 Ssd 256gb Hdmi",,,,3.958,395
LENOVO,Notebook Lenovo E14 Core I7 10ger 16gb 240ssd Windows 11,Por SLA Informatica ,,,3.199,319
ASUS,"Notebook ASUS X515KA Intel Celeron Dual Core N4500 4GB Ram 128GB SSD Windows 11 Home 15,6 HD Grey EJ303WS",Por Siberiano ,4.7,(334),2.499,2.249
ASUS,"Notebook Gamer Asus Tuf Gaming F15 Fx507vu Rtx4050 Intel Core I7 13620h 16gb Ram 512gb Ssd Windows 11 Home 15,60 Fhd 144hz Ips Cinza - Lp177w",Por Pro4ce ,4.8,(15),9.998,8.899
,"Notebook Positivo Vision i15 Intel Core i5 11ª gen 8GB RAM 512GB SSD, Lumina Bar Windows 11 Home, Tela 15” Full HD Antirreflexo – Cinza",,4.9,(47),3.123,300
DELL,Notebook Dell Xps 9320 Cor Cinza,,,,10.808,1.080
DELL,Notebook Dell Core I5 10th Gen 16gb Ram 256gb Ssd Windows 11 Prateado,,,,1.990,199
DELL,Notebook Dell Latitude Core I7-8565u 32gb Ddr4 Ssd 1 Tb,,,,3.285,328
,"Notebook Positivo Vision R15 Lumina Bar Amd Ryzen 5 16gb 512gb, Tela 15 Full Hd Antirreflexo, Linux - Preto",Por Positivo ,3.9,(23),3.899,2.768
ASUS,Notebook Asus Vivobook 16 X1605va Intel Core I7 1355u 8gb Ram 512gb Ssd Windows 11 Home Tela 16 Fhd Silver - Mb741w,Por Asus ,4.6,(9),4.400,440
,"Notebook Ultra UB220 15.6"" prata 4GB de Ram - 120GB SSD - Intel Celeron",,4.3,(131),1.626,162
LENOVO,"Notebook Ideapad 1i Intel Core i7 1255U, 12GB RAM, 512GB SSD, Linux, Tela 15,6"" HD 82VYS01000",,4.8,(4660),3.999,399
ASUS,Notebook Asus Zenbook Snapdragon X1 26 100 32gb Ram 1tb W11,Por Asus ,5.0,(1),9.699,969
,"MacBook Air M2 (2022) 13.6"" space gray 8GB de Ram - 256GB SSD - Apple M",,4.9,(496),7.284,728
LENOVO,"Notebook Lenovo Ideapad 3 R5 8gb 256gb Ssd 15,6'' W11 Cor Prateado",,4.9,(230),120.000,12.245
LENOVO,Notebook Lenovo Intel I5 10210u 8gb Ddr4 Ssd M.2 256gb 15.6,,,,2.899,289
LENOVO,Notebook Lenovo V14 Amd R5 7520u 8gb 256gb Ssd W11 Pro Preto,Por 2Eletro ,,,4.110,3.142
DELL,"Notebook Dell Latitude 5480 14"" preto 16GB de Ram - 256GB SSD - 16GB HDD - Intel Core i5",,4.0,(45),2.999,299
ACER,Notebook Acer Amd Ryzen 7 5700u A515-45-r8w2 8gb 512gb Ssd,,4.9,(33),3.999,384
DELL,Notebook Dell Latitude 3440 Intel Core I3 13th 8gb 256ssd Cor Cinza,,,,4.148,3.692
LENOVO,Notebook Thinkpad E14 I5 10th 16gb 256ssd Preto,,,,2.299,229
DELL,Notebook Dell Latitude 3470 Core I5 + 16 Gb Ram + 480 Gb Ssd,Por Tech Forte ,4.5,(320),2.199,219
,Notebook Multilaser M11w Prime 2 Em 1 - Pc301 - Em Cor Prateado,,,,1.790,179
LENOVO,Notebook Lenovo Intel Core I3 10ger 8gb 240ssd 15pol Win 11,,,,2.399,239
LENOVO,Ultrabook Lenovo Thinkpad L14 Gen2 I5-1145g7 16gb Nvme256+nf Cor Preto,,3.6,(7),3.449,344
HP,Notebook Hp 240 G8 Core I5 1135g7 8gb 256gb Ssd Win 11 Pro,Por SLA Informatica ,4.8,(126),3.299,329
,Notebook Dell Latitude Core I7 8ger 16gb Ram 480gb Ssd W11 Cor Preto,,,,3.909,390
,Notebook Vaio Carbon Intel Core I5 10ger 8gb 240ssd 14pol,Por SLA Informatica ,4.7,(3),2.599,259
LENOVO,Notebook Lenovo E14 Intel Core I5 10ger 16gb 240ssd Win 11 Cor Black,,5.0,(1),3.756,375
LENOVO,Notebook Lenovo T480 Core I5-8ªth 16gb Ssd 240gb Tela Hd Cor Black - Aceitável (Recondicionado),,5.0,(17),1.799,172
ASUS,Notebook Gamer Asus Tuf F15 Core I7 8gb 512ssd Linux Rtx3050 Cor Cinza,Por Eshop ,4.5,(61),7.640,5.590
ASUS,"Notebook Gamer Asus Tuf Gaming F15 Fx507vu Rtx4050 Intel Core I7 13620h 16gb Ram 512gb Ssd Windows 11 Home 15,60 Fhd 144hz Ips Cinza - Lp177w",Por Pro4ce ,4.8,(15),9.998,8.899
SAMSUNG,Notebook Samsung Galaxy Book4 Ultra 32gb Intel Core Ultra 7 1tb Ssd Windows 11 Home 16'' Wqxga Amoled Antirreflexo Touchscreen Np960xglxg2br Grafite,Por Samsung ,4.7,(53),11.343,1.134
LENOVO,Notebook Lenovo Ultrafino Ideapad 3i I3-1215u 8gb 256gb Ssd ,Por Login ,,,2.999,2.699
LENOVO,Notebook Lenovo LOQ 15irx9 Intel Core i5-13450HX 16gb 512gb SSD RTX 3050 Windows 11 - 83kh0006br Luna Grey,,,,6.329,632
,Apple Macbook Air 13  Chip M2 16gb Ram 256gb Ssd Cinza A2681 Cinza-espacial,,,,8.399,840
,Notebook Positivo Vision R15 Ryzen 7 Linux 8gb 512gb Ssd,Por Positivo ,4.5,(20),3.999,2.999
,Notebook Vaio Fe14 Core I3 Windows11 Pro 8gb 1tb Ssd,,,,1.959,195
DELL,Notebook Dell Latitude 3420 Core I7 11th 64gb Ram 1tb Ssd Cor Grafite,,4.8,(24),6.534,653
,"MacBook Pro A1989 (2019) 13.3"" cinza-espacial 8GB de Ram - 512GB SSD - Intel Core i5 - Excelente (Recondicionado)",,,,3.999,400
LENOVO,Notebook Lenovo Thinkpad T14 Intel Core I5 10ager 16gb 256gb,,,,1.969,197
ASUS,"Notebook Gamer ASUS TUF Gaming F15 FX507VU RTX4050 Core i7 13620H 8Gb Ram 512Gb SSD Linux 15,6"" FHD 144Hz Gray LP151",,5.0,(61),8.910,891
SAMSUNG,"Notebook Samsung Galaxy Book4 360, 16gb, Intel Core I7, 1tb Ssd, Windows 11 Home, 15.6'' Full Hd Amoled, Np750qgk-kg1br",Por Samsung ,4.8,(90),7.999,7.295
DELL,Notebook I7 Dell 16gb 512gb Nvme 512gb Hd Nvidia M1200 4gb,,,,3.499,3.324
,"MacBook Air M2 (2022) 13.6"" starlight 8GB de Ram - 256GB SSD - Apple M",,4.9,(496),7.099,682
ASUS,Notebook Gamer Asus Tuf F15 Core I7 16gb 512ssd W11 Rtx 3050 Cor Cinza,Por Login ,4.9,(72),8.499,7.499
LENOVO,"Notebook Lenovo Yoga Slim 6i Intel Core i5-1240P Evo 16gb 512gb SSD Windows 11 Home Tela 14"" Cor Storm grey 83C70000BR",,4.8,(177),5.206,500
ASUS,Notebook Asus Zenbook 14 Oled Ux3405ma Intel Core Ultra 9 185h Ai 32gb Ram 1tb Ssd Windows 11 Home Tela 14 Blue - Pp809w,Por Asus ,3.7,(6),12.999,12.219
LENOVO,Notebook Lenovo Ideapad 1i Celeron Office 365 4gb 128gb W11,Por 123 Comprou ,4.8,(103),3.665,1.979
ACER,"Notebook Gamer Acer Nitro V ANV15-51-57WS Intel® Core™ i5-13420H 13ªGeração 512SSD 8GB Nvidia® GeForce® RTX 3050 GDDR6 Linux Gutta 15,6'",Por 123 Comprou ,4.8,(2698),8.165,4.499
,Notebook Multi Ultra Celeron N4020c 4gb 128gb W11 14'' Cinza,Por 123 Comprou ,4.6,(164),2.531,1.259
,Notebook Ultra Win11 Home 14 Pol Celeron 4g Ram 128gb Ub250,Por Loja Multi ,5.0,(1),1.499,149
LENOVO,Notebook Lenovo E14 Intel Core I5 10ger 8gb 240gb Ssd,Por SLA Informatica ,5.0,(3),2.699,269
LENOVO,Notebook Lenovo Flex Core I5-10geração 8gb 256gb Touchscreen,,,,2.490,1.992
DELL,Notebook Dell Inspiron I15-a0505-a20p R5 8gb 512gb 15.6 W11,Por Mercado Vendeu ,4.7,(516),3.743,3.331
HP,Notebook Hp Elitebook 840 G7 Core I5 10ª Ger 16gb Ssd 256gb,,5.0,(2),2.399,239
,Notebook Vaio Fh15 I7-12650h Rtx 3050 64gb 1tb 15.6 Fullhd Cor Cinza-escuro,Por Vaio ,,,9.959,7.199
SAMSUNG,"Samsung Chromebook 4 Intel Celeron N4020 4GB 64GB Tela 11.6"" Prata XE310XBA-KT4BR",Por 123 Comprou ,4.6,(173),2.331,1.399
SAMSUNG,"Notebook Samsung Galaxy Book4, Windows 11 Home, Intel® Core I5, 8gb, 256gb Ssd, 15.6'' Full Hd Led, 1.55 Kg - Grafite",,4.9,(1149),4.999,3.379
LENOVO,"Notebook Lenovo Ideapad 1 Celeron 4gb 128gb Ssd 15,6 W11 Cor Cinza",Por 123 Comprou ,4.6,(2908),3.665,2.159
LENOVO,Notebook Lenovo Thinkpad T480 I7 8a Ger 16gb M2 256gb Brinde,,5.0,(3),2.389,238
,Notebook Positivo Vision C14 Intel® Celeron® Linux 4GB 128GB eMMC 14” HD Lumina BAR – Cinza,,4.6,(3722),1.433,138
LENOVO,Notebook Gamer Lenovo Loq-e Ci5-12450 Rtx3050 512gb 16gb W11,Por Mobcom ,5.0,(6),10.000,4.999
LENOVO,Notebook Lenovo Thinkbook 14 Intel Core i5 16gb 256gb Windows 11 PRO,,,,5.399,539
LENOVO,Notebook Lenovo Thinkpad T480 I5 8a 16gb Ssd 240gb + Brinde,,4.3,(7),1.698,169
DELL,"Notebook Dell Core I7 4,0ghz 16gb Ssd M2 512gb Latitude",Por Canal Eletro ,4.5,(6),3.199,319
,"Notebook Positivo Vision C15 Lumina Bar Celeron, 8GB 128GB eMMC, Tela 15.6"" HD Antirreflexo, Windows 11, Tecla Link, Cinza",Por Positivo ,4.6,(722),3.331,1.709
ASUS,"Notebook Asus Vivobook Go 15 E1504ga Intel Core I3 N305 4gb Ram 128gb Ssd Windows 11 Tela 15,6 Fhd Silver - Nj440w",Por Webfones ,4.8,(277),2.999,2.209
,"Notebook Positivo Vision i15 Lumina Bar i3-N300, 8GB 512GB SSD, Tela 15 polegadas Full HD Antirreflexo Linux - Cinza",Por Positivo ,4.6,(287),3.998,2.339
ASUS,"Notebook Asus Vivobook 15 X1504za-Nj1217 Intel Core I5 1235u 4gb Ram 256gb Ssd Linux Keepos Tela 15,60 Azul",Por Asus ,4.7,(78),2.999,2.459
ASUS,Notebook Asus Zenbook S14 Core Ultra7 258v 32gb 1tb Ssd W11,Por Asus ,3.7,(3),14.999,13.919
DELL,Notebook Dell Core I5 8ª Ger 16gb Ssd 256gb Latitude ,Por Canal Eletro ,5.0,(1),1.999,199
DELL,Notebook Dell Inspiron I15-i120k-a25p I5 8gb 512gb 15.6 W11,,4.8,(1043),3.999,399
,"MacBook Air M2 (2022) 13.6"" silver 8GB de Ram - 256GB SSD - Apple M",,4.9,(496),7.349,734
DELL,Notebook Dell Latitude 3490 Core I5 8a Ssd 256gb 8gb Win10,Por 4Show ,5.0,(5),2.699,269
LENOVO,Notebook Core I7(10ª Ger)16gb Ram 256ssd Bluetooth Hdmi Usbc,,,,2.690,269
ASUS,"Notebook ASUS TUF Gaming A15 FA506NFR RTX 2050 AMD Ryzen 7 7435HS 16Gb Ram 512Gb SSD Windows 11 Home Tela 144Hz nivel IPS 15,6"" FHD Graphite Black - HN060W",Por Asus ,4.6,(9),5.999,5.319
LENOVO,"Lenovo Thinkpad I7 8a 8gb Ssd 240gb Tela 12,5 + Mouse Brinde",,,,2.569,1.850
DELL,Notebook Dell Latitude Core I7-8565u 32gb Ddr4 Ssd 500,,,,2.985,298
HP,Notebook Hp Probook 645 G4 Amd Ryzen 3 2300u 8gb256gb Wifi,,5.0,(2),1.459,145
LENOVO,Notebook Lenovo Thinkpad X1 Carbon Intel I7 8650u 16gb 256gb,,5.0,(1),2.815,2.111
DELL,Notebook Dell Inspiron 5440 Core 7 150u 16gb 512ssd Mx570a Cor Prateado,,,,6.922,6.160
,"Notebook Positivo Vision C15 Lumina Bar Celeron, 8gb 256gb Emmc, Tela 15 Polegadas Hd Antirreflexo, Linux, Tecla Link, Cinza",,4.7,(168),1.718,171
,Tapete Office Mouse Pad Dupla Face Tecido sintético impermeável antiderrapante Macio Geonav Preto E Azul,,4.9,(33),39,3
HP,Notebook Hp Elitebook 840 G7 Core I5 10ª 8gb Ssd 256gb 14 ,,5.0,(2),2.249,224
DELL,Notebook Dell Latitude 3400 Core I5 8a Ssd 256gb 8gb Win10,Por 4Show ,4.8,(13),2.699,269
DELL,"Notebook Inspiron 3511 15.6"" preto 8GB de Ram - 256GB SSD - Intel Core i5",Por Mercado Vendeu ,4.6,(14),3.896,3.467
LENOVO,"Notebook Lenovo Yoga Slim 7i Intel Core Ultra 5 125H 16gb RAM 512gb SSD Windows 11 Home Tela 14"" 83GM0003BR",Por Fast Shop ,5.0,(4),5.506,550
,Notebook Vaio Fe16 Amd Ryzen 55625u 12gb 512g Ssd Linux 16'',Por Eshop ,,,3.849,3.275
, Rhodia Katakana 162100K 80 folhas  quadriculadas 1 assuntos unidade x 1 14.8cm x 21cm cor laranja,,,,55,5
LENOVO,Notebook Lenovo Thinkpad T420 Core I5 2.50ghz 16gb Ssd 256,,5.0,(3),1.499,149
ASUS,"Notebook Gamer ASUS TUF Gaming F15 FX507ZC4 RTX 3050 Intel Core i5 12500H 16Gb Ram 512Gb SSD Linux KeepOS Tela 15,6"" 144Hz Gray - HN232",Por Asus ,4.9,(12),5.799,557
,Baita Notebook Emachines Acer Intel Em Oferta!!,,,,699,69
SAMSUNG,"Samsung Chromebook 4 Intel Dual-Core 4GB 32GB Tela 11.6"" Prata XE310XBA-KT3BR Google Chrome OS HD LED",,4.6,(1550),1.267,122
,"Bloco Rhodia Edição 90 Anos & Paper People 7,2x10,3cm 80 Fls",,,,24,
HP,"Note Hp, Elitebook 840 G6, 14'', Core I5, 8gb, Ssd-256gb",Por OTH Produtos ,5.0,(6),1.890,181
,"Apple MacBook Air (13 polegadas, 2020, Chip M1, 256 GB de SSD, 8 GB de RAM) - Cinza-espacial",,4.9,(1083),6.200,620
ACER,Notebook Gamer Acer Nv 7037 I713ªg 16gb 512ssd Rtx4050 Gutta,Por Acer Brasil ,4.8,(101),6.999,6.199
,"Bloco Rhodia Edição 90 Anos & Paper People 10,3x14,6cm 80fls",,,,34,3
ASUS,"Notebook Asus Vivobook Go E1504GA Intel Core I3 N305 4Gb Ram 256Gb Ssd Linux Keepos Tela 15,6 Fhd Silver - Nj447",,4.6,(406),2.399,2.249
,"MacBook Pro MacBook Pro 14"" M3 Pro 14"" space black 18GB de Ram - 512GB SSD - Apple M3",,4.8,(76),13.459,1.293
LENOVO,Notebook Lenovo Thinkpad E14 Ryzen 7 7730u 40gb 512ssd Win11 Preto,,,,3.999,3.759
ASUS,"Notebook Gamer ASUS TUF Gaming F15 FX507ZC4 RTX 3050 Intel Core i5 12500H 8Gb Ram 512Gb SSD Linux KeepOs Tela de 15,60"" 144Hz Mecha Gray - HN100",,4.9,(34),5.490,527
LENOVO,Notebook Lenovo Thinkpad E14 Amd Ryzen 5 16gb 512gb W11 Pro,,,,5.641,564
ASUS,"Notebook ASUS TUF Gaming F15 FX507VV RTX4060 Intel Core i7 13620H 8Gb Ram 512Gb SSD Linux KeepOS Tela Nível IPS 15,6"" LED 165Hz Mecha Gray - HQ334",Por Asus ,5.0,(5),9.299,7.949
,Notebook Multi Ultra Celeron N4020c 4gb 128gb W11 14'' Cinza,Por 123 Comprou ,4.6,(164),2.531,1.259
ASUS,"Notebook Gamer Asus Tuf Gaming F15 Fx507vu Rtx4050 Intel Core I7 13620h 16gb Ram 512gb Ssd Windows 11 Home 15,60 Fhd 144hz Ips Cinza - Lp177w",Por Pro4ce ,4.8,(15),9.998,8.899
,"Notebook Positivo Vision i15 Intel Core i5 11ª gen 8GB RAM 512GB SSD, Lumina Bar Windows 11 Home, Tela 15” Full HD Antirreflexo – Cinza",,4.9,(47),3.123,300
LENOVO,Notebook Lenovo Thinkpad E14 Amd Ryzen 5 16gb 512gb W11 Pro,,,,5.641,564
ASUS,"Notebook ASUS TUF Gaming F15 FX507VV RTX4060 Intel Core i7 13620H 8Gb Ram 512Gb SSD Linux KeepOS Tela Nível IPS 15,6"" LED 165Hz Mecha Gray - HQ334",Por Asus ,5.0,(5),9.299,7.949
ASUS,Notebook Asus Vivobook 15 Intel Core I5 1235u 16gb 512ssd,Por Asus ,4.0,(4),3.799,3.309
ACER,Notebook Gamer Nitro V15 Anv15-51-57ws I5 Lx 8gb 512gb Ssd,Por Acer Brasil ,4.8,(318),5.299,4.679
DELL,Notebook Dell Latitude 5490 Core I7 8 Geração 16gb Ssd 240gb,,,,3.899,389
,"MacBook Air 13-inch 13"" midnight 8GB de Ram - 256GB SSD - Apple Chip M3",,4.8,(56),9.100,874
,"Notebook Hq Joy, I5 1035g1 8gb Ssd 256gb 15.6 Windows 11",,5.0,(1),2.999,299
ASUS,Notebook Asus Celeron N4020 15.6 128gb W11h X515ma-br933ws,,4.7,(808),2.469,237
ASUS,Notebook Dell Inspiron I3 8gb 256gb 15 Win11,,,,2.900,278
LENOVO,Notebook Lenovo Thinkpad T490 Core I5 8ªger 16gb Ssd 256gb,,4.3,(8),2.398,239
,"Bloco Rhodia Edição 90 Anos & Paper People 20,8x31,6cm 80fls",,,,99,9
DELL,"Notebook Dell Inspiron Intel Core I5 1235U 12ª Geração 16GB RAM, 512 SSD, Linux, Tela 15.6 Full Hd I15-I120K-U30P",,4.8,(130),4.256,425
ACER,Acer Aspire 5 15.6 Fhd I7-12650h Ssd 256gb 8gb Linux Gutta Cor Gamut,,4.7,(138),3.072,295
ACER,Notebook Predator Acer Phn16-71-72w6 Ci7 16gb 512ssd Rtx4060,Por Acer Brasil ,4.7,(35),10.999,8.399
DELL,Notebook Dell Latitude 3490 Core I7 8ger 16gb 512gb Ssd Preto,,3.9,(7),3.999,399
HP,Notebook Hp Elitebook 840 G9 Intel Vpro I5- W11p 256gb,Por HP ,5.0,(1),8.177,4.599
LENOVO,Lenovo Loq-e I5 Rtx 3050 16gb+controle Xbox+gift Card R$50,Por Mobcom ,,,6.656,5.099
ASUS,Notebook Asus Vivobook 15 Intel Core I5 1235u 8gb 512ssd W11,Por Asus ,5.0,(5),3.699,3.129
DELL,Notebook Dell Core I5 8ª Ger 16gb Ssd 256gb Latitude ,Por Canal Eletro ,4.7,(3),1.899,182
LENOVO,Notebook Lenovo V15 G3 Iap/i5-1235u/8gb/ssd256gb/w11pro,,5.0,(1),3.699,369
,Notebook VAIO FE16 Amd Ryzen 7 - 5700u Linux 16gb 512gb Ssd Tela 16 Ips Wuxga Antirreflexo - Cinza Grafite - Vjfe69f11xb0811h,Por Vaio ,4.2,(5),4.499,3.579
,"Apple MacBook Pro A2992 14"" space black 18GB de Ram - 512GB SSD M3",,5.0,(6),14.027,1.402
LENOVO,Notebook Lenovo T480 Core I5-8ªth 16gb Ssd 240gb Tela Hd Cor Black - Bom (Recondicionado),,5.0,(17),1.749,174
ASUS,Notebook Asus X515 N4500 16gb Ram Ddr4 512gb Nvme Windows 11,,,,3.299,3.035
,"Notebook Positivo Vision R15 Lumina Bar, Amd Ryzen 5 8gb 256gb, Tela 15 Polegadas Full Hd Antirreflexo, Windows 11 Home Tecla Copilot - Preto",Por Positivo ,4.7,(86),3.999,2.889
ASUS,Notebook Asus Zenbook S14 Oled Ux5406sa Intel Core Ultra 7 256v 16gb Ram 1tb Ssd Windows 11 Home Tela 14 Fhd 120hz Gray - Pz176w,Por Asus ,,,13.999,10.269
ASUS,Notebook Asus Vivobook Pentium Gold 7505 4gb 128ssd W11 Fhd,,4.7,(210),2.289,220
ASUS,"Notebook ASUS VivoBook 16 X1605ZA-MB310 Intel Core i7 1255U 3,5 GHz 8Gb Ram 256Gb SSD Keep OS LED FHD Prata Metálico",,4.8,(95),3.590,345
,Notebook Positivo Vision R15 Ryzen 7 Linux 8gb 256gb Ssd,Por Positivo ,5.0,(5),3.599,2.749
,"Bloco De Notas Rhodia 15,5x22cm Capa Couro Preto",,,,184,18
LENOVO,"Notebook Lenovo I7 8a 8gb Ssd 240gb Tela 12,5 + Mouse Brinde",,,,2.199,1.693
SAMSUNG,Notebook Samsung Galaxy Book4 I3- 1335u 512gb Np754xgj-kg3br,,5.0,(1),4.999,480
,"Apple MacBook Air (13 polegadas, 2020, Chip M1, 256 GB de SSD, 8 GB de RAM) - Ouro",,4.9,(1083),5.699,547
HP,Notebook 256-g9 I3 8gb 256gb Ssd 15w11 7z3r2la Hp Cx 1 Un Cor Preto,,4.8,(468),2.849,284
,"MacBook Pro MacBook Pro 16"" M3 Max 16"" preto 48GB de Ram - 1TB SSD - Apple M3",,5.0,(1),29.583,2.958
ASUS,Notebook Gamer Rog Strix G16 G614ji Nvidia Rtx4070 Intel Core I9 13980hx 32gb Ram 1tb Ssd Windows 11 Tela 16 240hz Fhd Gray - N4440w,Por Asus ,4.7,(6),17.999,14.219
LENOVO,Notebook Lenovo Core I5 8gb 256gb Ssd 15.6 Fullhd Win 10 Pro colorido cinza grafite,,5.0,(10),3.799,379
LENOVO,Notebook Lenovo Thinkpad X1 Carbon Intel I7 8650u 16gb 256gb Preto,,,,2.815,281
SAMSUNG,"Notebook Samsung Galaxy Book4, Windows 11 Home, Intel® Core 7, 16gb, 512gb Ssd, Nvidia® Geforce® Mx570, 15.6' Full Hd Led, Fingerprint - Grafite",Por Samsung ,4.8,(86),6.699,6.364
LENOVO,"Lenovo Thinkpad T490 14,0 Fhd (1920 x 1080) 250 nits Ips Anti",,,,2.865,286
ASUS,"Notebook ASUS Vivobook M1502IA-EJ251 AMD Ryzen™ 5 4600H 8GB 256GB SSD Linux Keep OS 15,6"" FHD LED Cor Icelight silver",,4.8,(1010),3.099,297
LENOVO,Notbook Lenovo T480 Intel Core I5-83350u 16gb Ssd 256gb 14,,,,1.749,174
SAMSUNG,"Notebook Samsung Galaxy Book4, Windows 11 Home, Intel® Core I7, 16gb, 512gb Ssd, 15.6'' Full Hd Led, 1.55 Kg - Grafite",,4.8,(324),9.390,939
DELL,Notebook Dell Latitude 3440 Intel Core I5 16g 256ssd Cor Preto,,4.1,(8),4.970,497
ASUS,Computador portátil Asus Zenbook 14 Oled Q415m 14 Touch Intel Ultra 5 Color Gris Oscuro,,5.0,(1),5.899,589
DELL,Notebook Dell Latitude 5440 I5 16 GB de RAM 512 GB Ssd 14 Fhd,,,,5.799,579
HP,Notebook HP Elitebook 640 G10 Intel Core i7 16 GB de RAM 512 GB S,,,,6.283,628
,Notebook Gamer Msi Katana I7 16gb 1tb Ssd 15.6 Rtx 4070 8gb Cor preto,,,,9.891,9.297
SAMSUNG,"Notebook Samsung Galaxy Book4, Windows 11 Home, Intel® Core I5, 8gb, 256gb Ssd, 15.6'' Full Hd Led, 1.55 Kg - Grafite",,4.9,(1149),4.999,3.379
LENOVO,Notebook Lenovo Ideapad 1i Celeron Office 365 4gb 128gb W11,Por 123 Comprou ,4.8,(103),3.665,1.979
ACER,"Notebook Gamer Acer Nitro V ANV15-51-57WS Intel® Core™ i5-13420H 13ªGeração 512SSD 8GB Nvidia® GeForce® RTX 3050 GDDR6 Linux Gutta 15,6'",Por 123 Comprou ,4.8,(2698),8.165,4.499
HP,Notebook HP Elitebook 640 G10 Intel Core i7 16 GB de RAM 512 GB S,,,,6.283,628
,Notebook Gamer Msi Katana I7 16gb 1tb Ssd 15.6 Rtx 4070 8gb Cor preto,,,,9.891,9.297
ACER,Notebook Acer Aspire 3 Intel Core I3 11ª 4gb Ssd 512gb 15.6,,5.0,(20),2.599,249
,"Notebook gamer ROG Strix Scar 17 G733 17.3"" preto 32GB de Ram - 1TB SSD - AMD Ryzen 9",,4.7,(3),32.625,
DELL,Notebook Dell 5410 Tela Full Hd  I5-10ª Ger 16gb Ssd 512gb,,5.0,(1),2.399,239
LENOVO,Lenovo Thinkpad T14 Gen 3 I5 16 Ram 512 Gb Ssd Win 11 Pro,,3.9,(9),4.499,449
,Notebook Multi Ultra Celeron N4020c 4gb 128gb W11 14'' Cinza,Por 123 Comprou ,4.6,(164),2.531,1.259
ACER,"Notebook Gamer Acer Nitro V15 I7-13620h 13ªGen 8gb 512gb Rtx3050 6gb Linux 15.6"" FHD Preto - Anv15-51-7837",Por INPOWER ,3.5,(6),7.599,5.399
,"Notebook Positivo Vision C15 Lumina Bar Celeron, 8GB 128GB eMMC, Tela 15.6"" HD Antirreflexo, Windows 11, Tecla Link, Cinza",Por Positivo ,4.6,(722),3.331,1.709
DELL,Notebook Dell Latitude 3410 i5-10210U de 8 GB e 256 GB W10pro 14 cores preto,,4.3,(46),3.258,3.095
DELL,Notebook Dell Latitude 3420 Core I5 11ger 16gb 256gb Ssd,Por SLA Informatica ,3.7,(3),3.399,339
,"Notebook VAIO FH15 Intel Core i7 13th 32GB 1TB S SSD Tela 15,6'' Full HD Antirreflexo NVIDIA RTX 3050 Shell Efi Cinza Chumbo VJFH52F11X-B0821H",Por Vaio ,4.5,(33),7.280,728
,Notebook Dell Latitude E5440 14 I3 120gb 4g - Excelente (Recondicionado),,,,1.398,
ASUS,Notebook Asus Intel I7 13th 16gb 512ssd 16'' Fhd Prateado,,,,3.550,341
,"Notebook VAIO FE15, AMD® Ryzen 7, 32GB 512GB SSD, Tela 15,6'' Full HD Antirreflexo, Windows 11 Home - Prata Titânio, VJFE59F11X-B1021H",,4.8,(64),4.799,479
ASUS,"Notebook Asus Vivobook Go 15 E1504ga Intel Core I3 N305 4gb Ram 128gb Ssd Windows 11 Tela 15,6 Fhd Silver - Nj440w",Por Webfones ,4.8,(277),2.999,2.209
LENOVO,"Notebook Lenovo Ideapad 1 Celeron 4gb 128gb Ssd 15,6 W11 Cor Cinza",Por 123 Comprou ,4.6,(2908),3.665,2.159
,"Notebook Positivo Vision i15 Lumina Bar i3-N300, 8GB 512GB SSD, Tela 15 polegadas Full HD Antirreflexo Linux - Cinza",Por Positivo ,4.6,(287),3.998,2.339
LENOVO,"Lenovo Thinkpad E14: Laptop Empresarial De 14'', Amd Ryzen 7 7730u, 16 Gb De Ram, Ssd De 512 Gb, Lector De Huellas Dactilares, Hdmi, Rj45, Wi-fi 6.",,,,4.700,4.324
LENOVO,Notebook Lenovo Ideapad 3i I3-10110u 8gb Ram 256gb Ssd,,,,2.079,207
ASUS,Notebook Asus Zenbook 14 Intel Core Ultra7 16gb 1tb Ssd W11,,4.7,(12),9.906,990
,"Apple MacBook Air (13 polegadas, 2020, Chip M1, 256 GB de SSD, 8 GB de RAM) - Prata",,4.9,(1083),5.684,568
LENOVO,"Notebook Lenovo Ideapad Intel Celeron - N4020, 4GB RAM, 128SSD, Windows 11 Home C/office, Tela Led 15,6"", Cor Cinza - 82VX0001BR",,4.7,(1730),1.961,196
DELL,Notebook Dell Latitude 3420 - I7 11ª - Ssd 512gb  16gb Ram,,5.0,(2),2.899,2.377
,"MacBook Air M1 2020 13"" cinza-espacial 8GB de Ram - 256GB SSD - Apple Chip",,4.9,(237),5.999,576
ASUS,Notebook ASUS Vivobook I3 8GB 512GB Endless X1500EA-EJ3667,,4.6,(236),2.999,299
DELL,Notebook Dell 5420 Core I5 11°th 16gb Ddr4 Ssd 256gb,,,,2.499,249
,"MacBook Air M1 2020 13"" ouro 8GB de Ram - 256GB SSD - Apple M",,4.9,(237),5.899,589
LENOVO,Notebook Lenovo Thinkpad T480 14  I5 8a 8gb Ssd 256gb,,5.0,(5),1.499,149
,"MacBook Air M2 (2022) 13.6"" space gray 8GB de Ram - 256GB SSD - M",,4.9,(496),7.620,762
ACER,"Chromebook Acer 315/15,6'/Intel N4020+4 GB de RAM+SSD de 64 GB",,,,1.699,169
HP,Notebook Probook 640 G2 14  Intel Core I5 6a Geração,,,,1.299,129
LENOVO,"Notebook Lenovo V15 Intel Core i7-1255u 16gb 512gb SSD Windows 11 Pro 15""",,5.0,(10),8.990,899
ASUS,"Notebook Asus Amd Ryzen 5 3500u 8gb Vega 8 256gb Ssd 15,6",,4.8,(480),3.004,300
LENOVO,Notebook Lenovo S145 I5 8gb 256gb - Excelente (Recondicionado),,,,2.198,219
ASUS,"Notebook Asus Vivobook Intel Core I3 1215u, 8 GB de RAM, SSD de 128 GB, Full HD, Windows 11 Home",,5.0,(1),2.499,249
HP,"Notebook 256-g8 Hp, Intel Core I3, Wh11, 8gb, 256gb Ssd",,5.0,(3),3.199,319
LENOVO,Notebook Lenovo Thinkpad E14 I5 16gb 512gb Ssd W11 Pro,,3.6,(7),4.799,479
LENOVO,Notebook Lenovo Ideapad 3i I51135g7 8gb 256gb Ssd Intel Iris® Xe W11 15.6 Fhd 82md0007br,,5.0,(4),3.020,302
HP,Notebook Hp Elitebook 840 G7 Core I5 10° 8gb Ssd 256gb Nvme,,5.0,(1),2.499,249
HP,Notebook Hp Elitebook 840 G7 Core I5 10° 16gb Ssd 256gb Nvme,,4.6,(12),2.589,258
,Macbook Pro M4 Pro 14  24gb Ram 512ssd A3401 Envio Imediato,,5.0,(3),17.720,1.703
DELL,Inspiron 14 Plus Snapdragon X1p-64-100 512 GB Ssd 16 GB Ddr5 azul gelo,Por Mercado Vendeu ,,,7.334,6.527
ASUS,"Notebook Asus E510ma-br1348ws Intel Celeron Dual Core N4020 1,1 Ghz 4gb Ram 128gb Emmc Led Hd Windows 11 Home + Office 365 Personal Incluso - Rosa",,4.6,(21),2.649,264
,Notebook Dell Latitude E5470 - Core I5 6200 - 8gb 500gb - Excelente (Recondicionado),,5.0,(1),1.699,
DELL,Notebook Dell Latitude 3400 Core I5 8a Ger 8gb Ssd 240gb 14,,,,1.999,1.779
HP,Notebook Hp Probook 445 G10 Ryzen 5 Série 753u 16gb 512nvme Prateado,,,,3.390,339
,MacBook Air M2 2022 midnight 16GB de Ram - 256GB SSD - Apple M,,5.0,(5),7.858,785
LENOVO,Notebook Lenovo Thinkpad E431 Core I5 8gb Ssd 240 Win 11 Pró,,5.0,(4),1.250,125
DELL,Notebook Dell E7440 I5 4a 8gb Ssd 240gb Hdmi Win10,,5.0,(1),1.387,138
DELL,Notebook Dell 3400 I7 8ª 16gb Ssd 256gb (Recondicionado),,,,2.099,210
HP,Notebook Hp 250 G8 I5-1035 G1 8GB 256GB SSD W10p Cor Cinza-escuro,,,,3.804,380
DELL,"Notebook Dell Vostro 3520 15.6 i5-1235U 8 Ram 256ssd Win 11H, cor preta",,,,3.999,399
DELL,"Notebook Dell Inspiron I15 Intel Core i3 -1215U (12ªGeração), 8GB RAM, 256GB SSD, Linux, Tela 15,6"" FULL HD - I15-I120K-U10P",,4.9,(14),3.525,338
ASUS,"Notebook Asus Vivobook Go 15 E1504ga Intel Core I3 N305 4gb Ram 128gb Ssd Windows 11 Tela 15,6 Fhd Silver - Nj440w",Por Webfones ,4.8,(277),2.999,2.209
,Notebook Multi Ultra Celeron N4020c 4gb 128gb W11 14'' Cinza,Por 123 Comprou ,4.6,(164),2.531,1.259
,"Notebook Positivo Vision i15 Intel Core i5 11ª gen 8GB RAM 512GB SSD, Lumina Bar Windows 11 Home, Tela 15” Full HD Antirreflexo – Cinza",,4.9,(47),3.123,300
LENOVO,Notebook Lenovo P53 I7 9° 16gb Ssd 512gb M2 - Nvidia 4gb,,,,3.700,370
DELL,"Notebook Dell Inspiron I15 Intel Core i3 -1215U (12ªGeração), 8GB RAM, 256GB SSD, Linux, Tela 15,6"" FULL HD - I15-I120K-U10P",,4.9,(14),3.525,338
ACER,Notebook Acer Vero Av15- 51-53ap I5 8gb 256gb Ssd 15.6 Eco,,4.8,(117),3.999,399
ACER,Notebook Acer Aspire 5 A514-54-57hc I5 8gb Ssd 512gb 14 Fhd Ips Windows 11 Pro,,4.8,(462),4.396,422
HP,Notebook Hp Zbook Core I7 10th 32gb 512gb Ssd Quadro Rtx3000 Cinza,,,,4.790,479
DELL,Dell Latitude 3450 I5-1315u 256 Gb Ssd 8gb Ddr5 W11 Cinza Cinza-escuro,,,,4.199,419
LENOVO,Notebook Lenovo V15 Intel Core i5 16gb 512gb W11 Pro 82um0009br Preto,,5.0,(10),4.529,452
LENOVO,Notebook Lenovo Ideapad S145 Ryzen 5 12gb Ram  128gb +500hd,,5.0,(1),1.998,199
DELL,Notebook Dell Latitude 5450 14 Ultra 5 125u 16gb 512gb Ssd cor preta,,,,6.470,647
LENOVO,Notebook Lenovo Yoga 510 I5-6200u 16gb Ssd 240gb Tela Touch,,5.0,(1),2.899,289
LENOVO,Notebook Lenovo Thinkpad L14 G1 Ryzen 5-4650u Pro 8gb 256gb,,5.0,(1),2.289,228
HP,Notebook Dell Latitude 3420 Core I7 11ª G 16gb Ssd 256gb 14,,,,3.700,355
DELL,Notebook Dell Xps 9320 Cor Cinza,,,,10.808,1.080
HP,Notebook Hp 640 G4 Core I5 8° Ger 8gb Ssd 256gb,,4.0,(1),1.799,179
SAMSUNG,"Notebook Samsung Galaxy Book2, Intel Core I3-1215U, 4GB, 256GB SSD, Windows 11 Home, Tela 15.6"" - NP550XED-KT3BR",,4.8,(2769),2.799,279
,MacBook Air MacBook Air preto - Apple Chip,,,,7.100,682
ASUS,"Notebook ASUS Vivobook Intel Core i5 8GB 256GB SSD KeepOS 15,6"" FHD Icelight Silver - X1502ZA-EJ1761",,4.8,(499),3.199,319
HP,Notebook Zbook Fury 17 Polegadas Nvidia Quadro Rtx3000 6gb Cinza,,,,4.590,441
,"Macbook Air 13,6 M2/ 16gb Ram/8cpu/8gpu/256gb Ssd",,,,8.399,839
DELL,"Notebook Dell Latitude E5440 14"" 16GB de Ram 512GB SSD Intel Core i5 Cor Cinza",,,,5.655,565
DELL,Dell Latitude 5450 -i5- 13ª geração// 32 gb// 512 gb Touch Grey,,,,7.800,780
LENOVO,Notebook Lenovo Thinkpad E14 Amd Ryzen 5 8gb 256gb Ssd W11,,,,4.099,409
DELL,Notebook Dell Latitude 5450 Ultra 5 125u 8gb 256gb Ssd,Por Mercado Vendeu ,,,6.555,5.834
DELL,Notebook Dell Latitude 3410 Core I5 10th 8gb 256gb Ssd Nvme,,,,2.195,219
ACER,Notebook Gamer Acer Nitro Anv15-51-50kd Intel Core I5 15.6 P,Por Carrefour ,,,4.793,479
LENOVO,Notebook Lenovo Thinkpad T440 Core I5 4a Ger 8gb Ssd 120gb,,,,1.299,129
,Notebook Dell Latitude 6430 I5 3th Ssd240 8gb - Excelente (Recondicionado),,,,1.399,
,"Macbook Pro 14'' M4 Pro, 12cpu 16gpu 24gb 512gb Envio Hoje",,,,18.299,1.758
DELL,Notebook Dell Latitude E6440 I5 2.70ghz Ssd 120gb 4gb Ram,,,,826,82
DELL,Notebook Dell Latitude 3420 I5 11th Com 16gb 512gb,,,,3.424,329
ASUS,"Notebook Asus Vivo Ryzen 7 7730u 16gb 512ssd 15,6'' Fhd W11 Prateado",,,,3.490,335
,Apple Macbook Air 13/ M3/ 16gb/ 512gb Ssd,,,,10.199,980
LENOVO,Notebook Lenovo Legion Slim 5 Intel Core i7 16gb Ram 512gb Ssd 16'' Windows 11,,4.7,(135),8.458,812
,Alienware M18 R2 Fhd+ 480 hz i9-14900HX 64 GB Rtx 4090 4 TB Cor da lua metálica escura,,,,38.499,3.700
,"Macbook Air 13,6 M2/ 16gb Ram/8cpu/8gpu/256gb Ssd",,,,7.999,768
,Apple Macbook Air 13 M4 16gb Ram | 256gb Ssd | Lacrado Azul-celeste,,,,9.999,961
LENOVO,Notebook Lenovo Thinkpad E14 Intel Ultra 7 16gb 512gb W11pro,,,,7.990,767
LENOVO,Notebook Lenovo Thinkpad T495 Ryzen 5 Pro Ram 16gb Ssd 256gb,,,,2.000,192
DELL,Notebook Dell Core I5 4ª Gen 8gb / Hd/ Hdmi / Com Garantia.,,,,1.395,134
HP,Notebook HP 15-fd0023dx 15.6 Fhd Touch de 256 GB/8 GB I3 W11 - prata,,,,3.399,339
LENOVO,"Notebook Lenovo V15 Intel I5 1235u, 16gb, 512gb Ssd, W11 Pro",,,,4.999,480
DELL,"Notebook Dell 3400: I5-8265u 8gb Ssd 240 Gb, Windows 11",,,,2.899,289
,Macbook Air Retina Processador M2 8gb Ram 512ssd - 2022,,5.0,(1),9.100,910
HP,Notebook Hp Envy X360 2 Em 1 15-ew1058wm I5 8 Gb Ddr4 Touch,,,,4.893,489
,"Notebook VAIO® FE14 Intel® Core™ i3-10110U Linux 4GB RAM 128GB SSD 14"" QHD – Cinza Escuro",,4.5,(54),5.556,534
,Notebook HP Probook 640 G2 prateado - Excelente (Recondicionado),,,,1.599,
,Notebook Dell Latitude E5440 - I5 4310m - 8gb 500gb - Excelente (Recondicionado),,,,1.698,
DELL,Notebook Dell Latitude 3420 Core I5 11ger 8gb 512ssd - Novo,Por SLA Informatica ,4.9,(7),3.599,359
LENOVO,Notebook Lenovo Ideapad 1i Celeron Office 365 4gb 128gb W11,Por 123 Comprou ,4.8,(103),3.665,1.979
ACER,"Notebook Gamer Acer Nitro V ANV15-51-57WS Intel® Core™ i5-13420H 13ªGeração 512SSD 8GB Nvidia® GeForce® RTX 3050 GDDR6 Linux Gutta 15,6'",Por 123 Comprou ,4.8,(2698),8.165,4.499
SAMSUNG,"Notebook Samsung Galaxy Book4, Windows 11 Home, Intel® Core I5, 8gb, 256gb Ssd, 15.6'' Full Hd Led, 1.55 Kg - Grafite",,4.9,(1149),4.999,3.379
DELL,Notebook Dell Latitude 3420 Core I5 11ger 8gb 512ssd - Novo,Por SLA Informatica ,4.9,(7),3.599,359
DELL,Notebook Dell Latitude 5450 Ultra 5 125u 16gb 512gb Ssd,Por Mercado Vendeu ,,,6.800,6.052
,Notebook Dell Latitude 3440 I3 4th 8gb 120gb Ssd - Excelente (Recondicionado),,,,1.489,
,Notebook Dell Latitude 3440 Core I7 4th 8gb Ram Ssd 240gb - Excelente (Recondicionado),,,,1.799,
,"Notebook Latitude 3440 14"" cinza-escuro 4GB de Ram - 500GB HDD - Intel Core i5 - Excelente (Recondicionado)",,,,1.359,
,"Apple Macbook Pro A2141 2019 16'' Core I7 2,6ghz 16gb 512gb ",,4.6,(22),5.699,4.989
LENOVO,"Notebook Lenovo Ideapad 1 Celeron 4gb 128gb Ssd 15,6 W11 Cor Cinza",Por 123 Comprou ,4.6,(2908),3.665,2.159
ACER,"Notebook Gamer Acer Nitro V15 I7-13620h 13ªGen 8gb 512gb Rtx3050 6gb Linux 15.6"" FHD Preto - Anv15-51-7837",Por INPOWER ,3.5,(6),7.599,5.399
,Notebook Multi Ultra Celeron N4020c 4gb 128gb W11 14'' Cinza,Por 123 Comprou ,4.6,(164),2.531,1.259
SAMSUNG,Notebook Galaxy Book2 intel core i7-1255U 8GB RA SSD 512GB 15.6 Full HD Windows 11 grafite NP550XED-KS2BR,Por Login ,4.8,(553),5.299,4.499
LENOVO,Notebook Lenovo Core I7(10ª Ger) 16gb Ram 256 Ssd  Hdmi Usbc,,5.0,(1),2.490,239
,"Notebook Positivo Vision i15 Intel Core i5 11ª gen 8GB RAM 512GB SSD, Lumina Bar Windows 11 Home, Tela 15” Full HD Antirreflexo – Cinza",,4.9,(47),3.123,300
DELL,Notebook Dell Latitude 3410 Core I5 10ger 16gb 500gb Ssd ,Por SLA Informatica ,3.6,(7),3.199,319
HP,Notebook Hp Core I7 10th 32gb Ram 512gb Ssd Tela 14 Full Hd Prateado,,,,2.890,289
DELL,Notebook Dell Latitude E7490 I5-8350u 256gb 8gb - Excelente (Recondicionado),,,,2.288,2.150
ASUS,"Notebook Asus Vivobook Go 15 E1504ga Intel Core I3 N305 4gb Ram 128gb Ssd Windows 11 Tela 15,6 Fhd Silver - Nj440w",Por Webfones ,4.8,(277),2.999,2.209
,"Notebook Positivo Vision i15 Lumina Bar i3-N300, 8GB 512GB SSD, Tela 15 polegadas Full HD Antirreflexo Linux - Cinza",Por Positivo ,4.6,(287),3.998,2.339
,"Notebook Positivo Vision I15 Lumina Bar, Core I3, 11th, 8gb 512gb Ssd, Tela 15 Polegadas, Full Hd Antirreflexo, Windows 11 - Cinza",Por Positivo ,4.8,(12),4.598,2.474
,Notebook Intel Quadcore 6gb Ram Ssd 64gb Tela 14.1 Ips Usb 3,,4.2,(45),1.750,1.487
LENOVO,"Notebook Lenovo Ideapad 1i Celeron N4020 128gb 4gb W11 15,6'",Por 123 Comprou ,,,3.665,1.943
LENOVO,"Lenovo Thinkpad I7 8a 8gb Ssd 480gb Tela 12,5 + Mouse Brinde",,,,2.498,1.998
,Notebook Vaio Core I5 10th 8gb Ram 128gb Ssd Windows 11 Hdmi Cinza-escuro,,,,1.690,162
DELL,"Notebook Dell Alienware M18 R1 18"" cor cinza 64GB - 2TB SSD - 4TB HDD - Intel Core i9",,4.9,(8),34.499,3.315
,Escova De Limpeza Do Teclado Ferramenta Headset Fones Limpos,,4.1,(7),32,3
ASUS,Notebook Asus Vivobook S14 Core Ultra 7 32gb 1tb Ssd W11,Por Asus ,,,11.499,1.149
,Gpd P2 Max 8.9 Polegadas 16gb 512gb,,,,4.500,450
DELL,Notebook Dell Latitude 5420 Core I5 11o 16gb Ddr4 Ssd 256gb,,5.0,(5),3.022,302
,Notebook Compaq Presario Cq-15 14 Hd Celeron N3350 500gb 4gb,,,,929,92
LENOVO,"Lenovo Thinkpad I7 8a 8gb Ssd 240gb Tela 12,5 + Mouse Brinde",,4.8,(10),1.899,1.804
LENOVO,Notebook Lenovo Thinkpad X1 Carbon I7-8th 16gb 256gb +brinde,,,,2.797,2.153
ASUS,Asus Rog Zephyrus G16 Rtx 4070 1 TB cinza-escuro,,,,16.449,1.581
,Hub Adaptador 7 Em 1 Usb-c Thunderboolt Hdmi 4k Geonav,,4.6,(40),299,49
DELL,"Notebook Latitude Dell Latitude 5400 14"" preto 16GB de Ram - 512GB SSD - Intel Core i7",,,,4.299,429
DELL,"Notebook Dell Latitude 5490, Tela 14, I5 8ªger, 8gb Ssd256gb",Por OTH Produtos ,4.8,(8),1.605,154
DELL,Notebook Core I5 Dell Latitude 16gb Ram 256gb Ssd M2,Por Canal Eletro ,3.8,(8),2.599,259
,Notebook Vaio Fe 16 Amd Ryzen 5-5625u Linux 8gb 256gb Ssd Tela 16 Ips Wuxga Antireflexo - Cinza Grafite - Vjfe69f11x-b0411h,Por 123 Comprou ,,,4.998,2.789
HP,"Notebook 240 G7 14"" preto 8GB de Ram - 1TB HDD - Intel Core i5",Por SLA Informatica ,2.7,(3),2.599,259
DELL,Notebook Dell Latitude 5420 Core I5g7 16gb 256gb Ssd+ Brinde,,,,2.998,2.428
DELL,Notebook Dell Latitude E5470 I5 6th 16gb Ddr4 256gb Nvme,,4.3,(3),1.699,169
DELL,Notebook Dell Latitude 5450 14 Ultra 7 165u 32gb 512gb Ssd,,,,9.400,940
LENOVO,Notebook Thinkpad L14 G2 I5 8gb 256gb - Lenov0,,,,3.299,317
ASUS,Notebook Asus Vivobook 16 Intel Core I7 1355u 8gb 512ssd Ips,Por Asus ,,,3.863,3.283
LENOVO,Notebook Lenovo Thinkpad E14 Amd Ryzen 5 16gb 256gb Wpro 14,,,,6.595,659
DELL,Notebook Dell Inspiron 15 (3520) 15.6 FHD 512 GB/16 GB de RAM i5-1235U W11,,5.0,(3),4.225,422
,Notebook Positivo,,,,1.000,96
DELL,Notebook Dell Latitude 5410 I5 10210u 16gb 256ssd - Seminovo,,,,2.249,216
,"Apple Macbook Pro 13, 2020, Chip M1, 256 Gb Ssd 8gb Ram",,4.0,(9),4.805,480
LENOVO,Notebook Lenovo Thinkpad E14 Gen 6 Ultra 7 Memoria 32,,,,7.600,760
SAMSUNG,"Notebook Samsung Book4 I5 1335u 8gb 256gb 15,6 W11p Np754xgj",Por 2Eletro ,5.0,(1),3.800,3.499
HP,Notebook Hp Elitebook 840 G7 Core I5 10° 8gb Ssd 240gb,,4.3,(3),2.498,249
,Notebook Q232a Positivo Motion Gray  Ram 2gb - Ssd 32gb Cinza-escuro,,,,1.499,149
DELL,"Notebook Dell, Xps 9310, 13.4'', Core I7 11th, 16gb, Ssd-1tb",Por OTH Produtos ,5.0,(2),5.490,549
,Apple Macbook Pro 14 Chip M4 16gb 512ssd 2024 Envio Hoje,,5.0,(4),15.599,1.559
,Macbook Air 13  / M1 / 8gb /256gb Ssd/ / Lacrado Na Caixa,,,,5.776,577
,Notebook Multi Ultra Celeron N4020c 4gb 128gb W11 14'' Cinza,Por 123 Comprou ,4.6,(164),2.531,1.259
ASUS,"Notebook Gamer Asus Tuf Gaming F15 Fx507vu Rtx4050 Intel Core I7 13620h 16gb Ram 512gb Ssd Windows 11 Home 15,60 Fhd 144hz Ips Cinza - Lp177w",Por Pro4ce ,4.8,(15),9.998,8.899
,"Notebook Positivo Vision i15 Intel Core i5 11ª gen 8GB RAM 512GB SSD, Lumina Bar Windows 11 Home, Tela 15” Full HD Antirreflexo – Cinza",,4.9,(47),3.123,300
LENOVO,Notebook Lenovo Thinkpad E470 I5 8gb Ram Ssd 480gb,,,,1.699,1.359
DELL,Notebook Dell Intel Ultra 5 135u 16gb Ddr4 Ssd M2 256gb 5450,,,,4.999,499
,Laptop para jogos Msi Claw Processador Intel Core Ultra 7 155h 120 Hz 1920 X 1080 Gaming Handheld 7 Touch Black Color 16 GB de RAM 512 GB SSD Windows 11,,,,4.999,499
DELL,Notebook Dell Inspiron I15-i120k-u25m 15.6  Full Hd 12ª Gera,Por Dell ,4.8,(5),3.749,3.499
SAMSUNG,"Notebook Samsung Galaxy Book3 360 Intel Core I5 1335U, 8GB, 256GB SSD Tela 13.3' Windows11H - NP730QFG-KF2BR",,4.8,(65),5.899,589
DELL,Notebook Dell Latitude 3480 I5 8gb 240 Ssd Win 10 Pro,,,,2.150,206
DELL,Dell Latitude 5400  I5 De 8a Ger 8gb De Ram Ssd 240gb,,,,1.899,190
DELL,Dell Latitude-i5-13a Geração//32gb//512gb,,,,7.800,780
ASUS,"Notebook ASUS ExpertBook B1502CBA Intel Core i5 1235U 8GB Ram 512GB SSD Windows 11 Pro Tela 15,6"" FHD Black - BQ2862X",Por Asus ,,,5.999,4.799
DELL,Notebook Dell Vostro 5510 I7-11390h 16gb 480ssd Nvidia 2gb,,,,3.399,339
LENOVO,Notebook Lenovo Thinkpad L440 I7 4ager 16gb Ssd 256gb,,4.0,(1),1.499,149
LENOVO,Notebook I5 8350u Ssd 240 Gb 16gb Ddr4 Usb C Hdmi Lan T480,,4.9,(15),1.899,189
DELL,Notebook Dell Latitude E6430 I5 16gb Hd 240 Ssd Bat. Nova,,4.5,(4),1.550,1.472
,Notebook Positivo Motion Q4120c Intel 4gb Ram 120gb Ssd,,,,1.099,109
ASUS,"Notebook X543MA 15.6"" cinza-escuro 4GB de Ram - 500GB HDD - Intel Celeron",,3.7,(297),1.549,154
DELL,Notebook Del Latitude 5400 Core I5 8ª Geração 8gb Ssd-256gb,Por OTH Produtos ,4.8,(13),1.990,199
LENOVO,Lenovo Thinkpad X230 8gb Ram 240gb Ssd Windows 10,,,,1.199,119
,Notebook 2am Gaming Core I5 8400 12gb Ddr4 Ssd 256gb Gamer,,,,1.890,189
PHILCO,"Notebook Philco Pnb15 Intel Core I5 Ram 8gb 1tb W10 15,6''",,,,3.999,399
,"MacBook Air 13-inch 13"" space gray 8GB de Ram - 256GB SSD - Apple Chip M3",,4.8,(56),8.990,864
,Notebook Gigabyte Aorus 17 Bsf I7 13700h 1tb 16gb Rtx 4070 Cor Preto,,5.0,(1),14.999,1.499
DELL,Notebook Dell Latitude 5490 Intel Core I5 8ager 128gb 8gb,,5.0,(5),1.499,150
DELL,"Notebook Dell, Lat 5300, 13.3 , Core I5, 16gb, Ssd-256gb",Por OTH Produtos ,,,1.890,181
LENOVO,Notebook Lenovo Ideapad S145 Ryzen 5 12gb Ram 512gb Ssd,,,,2.498,249
HP,Notebook Hp 14-dq0052dx Celeron N4120 4/64gb - 14,,,,2.099,201
DELL,Notebook Dell I5 - Ssd250gb Ram16gb - Funcionando Barato,,,,1.321,132
LENOVO,Notebook Lenovo Thinkpad E14 Ryzen 5 5500u 8gb 256gb,,,,2.629,263
LENOVO,Notebook Lenovo V310 Core  I7 6 Geração 8gb Ram  Ssd 240gb,,,,1.499,145
ASUS,Notebook Asus Vivobook 16 Snapdragon X1 26 100 16gb 1tb W11,Por Mercado Livre ,,,8.235,791
LENOVO,Notebook Lenovo Thinkpad - I5 8th + 16 Gb Ddr4 + 256 Gb Ssd,Por Tech Forte ,5.0,(7),2.299,1.678
,Notebook Vaio Fe 16 Amd Ryzen 7 - 5700u Windows 11 Home 32gb 512gb Ssd Tela 16 Ips Wuxga Antirreflexo - Cinza Grafite - Vjfe69f11x-b0921h,Por Vaio ,,,5.999,5.299
,Alienware M16 Qhd+ 165 hz Intel I7 16 GB RTX 4070 SSD de 1 TB cor Dark Metallic Moon,,,,18.849,1.884
,2am E550 Core I7 8gb 256gb Ssd Nvidia 1050,,,,3.500,350
DELL,Computador Portátil Dell 3480 Core I5 8gb Ssd 256 14.6 Hd Cor Preto - Bom (Recondicionado),Por GSOLD ELECTRO ,,,1.599,160
DELL,Notebook Dell Inspiron I15-i120k-a25p I5 8gb 512gb 15.6 W11 - Excelente (Recondicionado),,,,3.890,389
DELL,Notebook Dell Latitude 5440 Core I7 13th 32gb Ram 512gb Ssd,,5.0,(2),6.975,697
DELL,Notebook Dell Latitude - I5 8th  + 16 Gb Ddr4 + 256 Gb Ssd,Por Tech Forte ,4.2,(6),1.999,199
,Notebook Positivo Motion Gray C41tf Intel® Celeron® Dual-core Windows 11 Home 14.1 - Cinza,,,,1.449,140
ASUS,"Notebook Asus Vivobook 15 Core I3 4gb 256ssd W11 15,6 Prata Cor Prateado",,4.8,(99),2.680,268
LENOVO,Notebook Lenovo Thinkpad T420 I5 16gb Ssd 256 Bateria Nova,,,,1.480,148
HP,Notebook Hp 240 G7 Core I5-1035g1 8gb Ddr4 256gb 14,,,,2.499,2.099
LENOVO,Notebook Lenovo Thinkpad E14 I5 8gb 256gb Ssd Windows 11,,3.6,(7),3.999,399
,Notebook Compaq 14' Led Pentium N3700 Quadcore Ssd 240gb 4gb,,,,1.298,125
DELL,Dell Latitude Core I5 8 Geracao + 16 Gb Ddr4 + 256 Gb Ssd M2,Por Tech Forte ,4.6,(33),1.999,1.899
,Notebook Hp Zbook Firefly G8 Processador I7-1185g7 512gb De Armazenamento 32gb De Memóra Ram,,4.0,(1),7.999,
LENOVO,"Notebook Lenovo Thinkpad E14 Black 14, Intel Core I5 1135g7 8 GB De Ram 256 GB Ssd, Intel Iris Xe Graphics Freedos",,,,2.900,290
HP,Notebook Hp Elitebook 840 G3 Core I5 6th 16gb + Ssd+garantia,,3.3,(6),1.349,134
ASUS,"Notebook Asus Vivobook Go 15 E1504fa Amd Ryzen 3 7320u 4gb Ram 128gb Ssd Linux Keepos Tela 15,6 Fhd Black - Nj1291",,4.7,(134),2.157,207
